Title,Mileage,Price,URL
2019 Honda Accord EX,"26,207 miles","$23,999",https://www.hondaofstevenscreek.com/used/Honda/2019-Honda-Accord-d15d0f2fac180fecf5983c810ef68c07.htm
2018 Honda Accord EX,"44,189 miles","$19,496",https://www.hondaofstevenscreek.com/used/Honda/2018-Honda-Accord-0f1bd35eac180b619db4242916b434b4.htm
2019 Honda Accord EX-L,"62,543 miles","$20,498",https://www.hondaofstevenscreek.com/used/Honda/2019-Honda-Accord-ad4eae1aac185ea955aeea6cd22ce214.htm
2021 Honda Accord EX-L 1.5T,"33,216 miles","$22,997",https://www.hondaofstevenscreek.com/used/Honda/2021-Honda-Accord-4b3f0239ac185ea926ae305fd457d4f6.htm
2016 Honda Accord Sport,"48,866 miles","$18,999",https://www.hondaofstevenscreek.com/used/Honda/2016-Honda-Accord-d23807a8ac181252502f828ea8e9c72f.htm
2022 Honda Accord Sport 1.5T,"37,669 miles","$22,496",https://www.hondaofstevenscreek.com/used/Honda/2022-Honda-Accord-0df4f17cac1851229e2dc7c166559151.htm
2022 Honda Accord Hybrid EX-L,"Hybrid
29,842 miles","$27,999",https://www.hondaofstevenscreek.com/certified/Honda/2022-Honda-Accord+Hybrid-d2380648ac183479bff4540d4c799b3b.htm
2022 Honda Accord Hybrid Sport,"Hybrid
19,048 miles","$26,999",https://www.hondaofstevenscreek.com/certified/Honda/2022-Honda-Accord+Hybrid-e0d2c583ac1846038fd2a782eb87e112.htm
"2024 Honda
Accord LX Sedan",Mileage not available,Price not available,https://www.hondasancarlos.com/certified/Honda/2024-Honda-Accord-7b1d6b6cac185171c86d4b142f9b85e7.htm
"2024 Honda
Accord EX Sedan","1,007 miles","$29,888",https://www.hondasancarlos.com/certified/Honda/2024-Honda-Accord-7b1d6e19ac1819048c637817d9a0d4db.htm
"2024 Honda
Accord LX Sedan","1,324 miles","$28,995",https://www.hondasancarlos.com/certified/Honda/2024-Honda-Accord-b0f748fbac18177fef5a1c1abb6c052d.htm
"2024 Honda
Accord EX Sedan","1,711 miles","$29,995",https://www.hondasancarlos.com/certified/Honda/2024-Honda-Accord-e55eeef0ac181fee745e373f7b80d370.htm
"2023 Honda
Accord Hybrid Sport-L Sedan",Hybrid,"$32,888",https://www.hondasancarlos.com/used/Honda/2023-Honda-Accord+Hybrid-2278115fac1807f687c9b8fad39ca06b.htm
"2015 Honda
Accord EX-L Sedan","121,646 miles","$14,995",https://www.hondasancarlos.com/used/Honda/2015-Honda-Accord-8b1848c1ac185a2da14bb827d0438625.htm
"2024 Honda
Accord Hybrid Sport-L Sedan",Hybrid,"$32,888",https://www.hondasancarlos.com/used/Honda/2024-Honda-Accord+Hybrid-d03cbf62ac1846038fd2a782ca2d8935.htm
